url_length,has_https,path_depth,has_query_params,num_query_params,has_fragment,has_port,subdomain_count,is_ip_address,domain_length,domain_has_hyphens,domain_tld,status_code,status_category,response_size,response_time_ms,is_redirect,redirect_chain_len,total_headers,server_header_present,server_header,x_powered_by_present,content_type,has_cookies,num_cookies,has_cors,cache_control,security_headers_count,has_csp,has_hsts,has_xss_protection,has_frame_options,has_content_type_options,has_forms,form_count,has_inputs,input_count,has_password_input,password_count,has_hidden_input,hidden_count,has_file_upload,file_upload_count,has_search_input,search_count,has_buttons,button_count,has_textarea,textarea_count,has_select,select_count,has_scripts,script_count,internal_script_count,external_script_count,has_links,link_count,internal_link_count,external_link_count,has_images,image_count,has_meta_tags,meta_count,has_stylesheets,stylesheet_count,has_javascript,has_comments,comment_count,has_title,server_apache,server_nginx,server_iis,tech_php,tech_aspnet,tech_jsp,tech_wordpress,tech_drupal,tech_joomla,has_debug_info,has_error_messages,has_sql_errors,has_file_paths,has_waf,waf_cloudflare,waf_aws,waf_imperva,reflection_detected,csp_header_reflection_detected,has_jwt,has_api_keys,cookie_count,session_cookies,secure_cookie_ratio,httponly_cookie_ratio,samesite_cookie_ratio,redirect_count,has_redirect_chain,final_https,input_to_form_ratio,script_to_content_ratio,security_score,interactivity_score,is_vulnerable,scan_id,timestamp,target_url,original_url,is_redirect_response,final_url,target_root,page_url,dataset_record_type,saved_at,url,domain,total_vulnerabilities,has_sql_injection,has_xss,has_command_injection,has_path_traversal,has_file_inclusion,vulnerability_score,critical_vuln_count,high_vuln_count,sqlmap_vulns_found,dalfox_vulns_found,commix_vulns_found,tools_used_count,sqlmap_confidence_avg,dalfox_confidence_avg,commix_confidence_avg,used_previous_scan,previous_scan_indicators,scan_hour,scan_day_of_week,prev_has_forms,prev_has_inputs,prev_form_count,prev_input_count,prev_has_debug_info,prev_has_error_messages,prev_technology_php,prev_technology_aspnet,prev_technology_wordpress,prev_security_headers_count,prev_response_size,days_since_last_scan,vuln_density,tool_effectiveness,security_risk_score,input_vulnerability_ratio,previous_scan_accuracy,total_issues,issue_density,has_idor
69,1,0,0,0,0,0,1,0,60,1,net,200,2,5849,1526.409,1,1,5,0,unknown,0,html,0,0,0,0,1,0,0,0,1,0,1,1,1,1,0,0,0,0,0,0,0,0,1,1,0,0,0,0,1,1,1,0,1,12,10,1,1,6,0,0,1,0,1,1,4,1,0,0,0,0,0,0,0,0,0,0,0,0,0,0,0,0,0,0,0,0,0,0,0,0.0,0.0,0.0,0,0,0,1.0,0.000170969396478,0.125,0.5129081894340913,0,20260429_211150,2026-04-29T21:11:52.921838,https://0a82004004390d32835d28db00f80038.h1-web-security-academy.net/,https://0a82004004390d32835d28db00f80038.h1-web-security-academy.net/,True,https://0a82004004390d32835d28db00f80038.h1-web-security-academy.net/,https://0a82004004390d32835d28db00f80038.h1-web-security-academy.net/,https://0a82004004390d32835d28db00f80038.h1-web-security-academy.net/,recon_redirect_hop,2026-04-29T21:11:52.925203,0,0,0,0,0,0,0,0,0,0,0,0,0,0,0,0,0,0,0,0,0,0,0,0,0,0,0,0,0,0,0,0,0,0,0,0,0,0,0,0,0,0
69,1,0,0,0,0,0,1,0,60,1,net,200,2,5849,1526.409,0,3,5,0,unknown,0,html,0,0,0,0,1,0,0,0,1,0,1,1,1,1,0,0,0,0,0,0,0,0,1,1,0,0,0,0,1,1,1,0,1,12,10,1,1,6,0,0,1,0,1,1,4,1,0,0,0,0,0,0,0,0,0,0,0,0,0,0,0,0,0,0,0,0,0,0,0,0.0,0.0,0.0,2,1,1,1.0,0.000170969396478,0.125,0.5129081894340913,0,20260429_211150,2026-04-29T21:11:52.960520,https://0a82004004390d32835d28db00f80038.h1-web-security-academy.net/,https://0a82004004390d32835d28db00f80038.h1-web-security-academy.net/,False,https://0a82004004390d32835d28db00f80038.h1-web-security-academy.net/,https://0a82004004390d32835d28db00f80038.h1-web-security-academy.net/,https://0a82004004390d32835d28db00f80038.h1-web-security-academy.net/,recon_page,2026-04-29T21:11:52.963420,0,0,0,0,0,0,0,0,0,0,0,0,0,0,0,0,0,0,0,0,0,0,0,0,0,0,0,0,0,0,0,0,0,0,0,0,0,0,0,0,0,0
69,1,0,0,0,0,0,1,0,60,1,net,200,2,5849,869.6650000000001,0,0,5,0,unknown,0,html,0,0,0,0,1,0,0,0,1,0,1,1,1,1,0,0,0,0,0,0,0,0,1,1,0,0,0,0,1,1,1,0,1,12,10,1,1,6,0,0,1,0,1,1,4,1,0,0,0,0,0,0,0,0,0,0,0,0,0,0,0,0,0,0,0,0,0,0,0,0.0,0.0,0.0,0,0,0,1.0,0.000170969396478,0.125,0.5129081894340913,0,20260429_211150,2026-04-29T21:14:11.524253,https://0a82004004390d32835d28db00f80038.h1-web-security-academy.net/,https://0a82004004390d32835d28db00f80038.h1-web-security-academy.net/,False,https://0a82004004390d32835d28db00f80038.h1-web-security-academy.net/,https://0a82004004390d32835d28db00f80038.h1-web-security-academy.net/,https://0a82004004390d32835d28db00f80038.h1-web-security-academy.net/,recon_page,2026-04-29T21:14:11.527541,0,0,0,0,0,0,0,0,0,0,0,0,0,0,0,0,0,0,0,0,0,0,0,0,0,0,0,0,0,0,0,0,0,0,0,0,0,0,0,0,0,0
83,1,1,1,1,0,0,1,0,60,1,net,200,2,8289,803.412,0,0,5,0,unknown,0,html,0,0,0,0,1,0,0,0,1,0,1,1,1,5,0,0,1,2,0,0,0,0,1,1,1,1,0,0,1,1,1,0,1,3,1,1,1,5,0,0,1,0,1,1,4,1,0,0,0,0,0,0,0,0,0,0,0,0,0,0,0,0,0,0,0,0,0,0,0,0.0,0.0,0.0,0,0,0,5.0,0.0001206418144528,0.125,0.8444927011702257,0,20260429_211150,2026-04-29T21:14:13.161353,https://0a82004004390d32835d28db00f80038.h1-web-security-academy.net/post/?postId=1,https://0a82004004390d32835d28db00f80038.h1-web-security-academy.net/,False,https://0a82004004390d32835d28db00f80038.h1-web-security-academy.net/post/?postId=1,https://0a82004004390d32835d28db00f80038.h1-web-security-academy.net/,https://0a82004004390d32835d28db00f80038.h1-web-security-academy.net/post/?postId=1,recon_page,2026-04-29T21:14:13.165007,0,0,0,0,0,0,0,0,0,0,0,0,0,0,0,0,0,0,0,0,0,0,0,0,0,0,0,0,0,0,0,0,0,0,0,0,0,0,0,0,0,0
83,1,1,1,1,0,0,1,0,60,1,net,200,2,7017,799.472,0,0,5,0,unknown,0,html,0,0,0,0,1,0,0,0,1,0,1,1,1,5,0,0,1,2,0,0,0,0,1,1,1,1,0,0,1,1,1,0,1,3,1,1,1,4,0,0,1,0,1,1,4,1,0,0,0,0,0,0,0,0,0,0,0,0,0,0,0,0,0,0,0,0,0,0,0,0.0,0.0,0.0,0,0,0,5.0,0.0001425110446059,0.125,0.9975773122416988,0,20260429_211150,2026-04-29T21:14:13.169441,https://0a82004004390d32835d28db00f80038.h1-web-security-academy.net/post/?postId=4,https://0a82004004390d32835d28db00f80038.h1-web-security-academy.net/,False,https://0a82004004390d32835d28db00f80038.h1-web-security-academy.net/post/?postId=4,https://0a82004004390d32835d28db00f80038.h1-web-security-academy.net/,https://0a82004004390d32835d28db00f80038.h1-web-security-academy.net/post/?postId=4,recon_page,2026-04-29T21:14:13.172260,0,0,0,0,0,0,0,0,0,0,0,0,0,0,0,0,0,0,0,0,0,0,0,0,0,0,0,0,0,0,0,0,0,0,0,0,0,0,0,0,0,0
83,1,1,1,1,0,0,1,0,60,1,net,200,2,8351,807.629,0,0,5,0,unknown,0,html,0,0,0,0,1,0,0,0,1,0,1,1,1,5,0,0,1,2,0,0,0,0,1,1,1,1,0,0,1,1,1,0,1,3,1,1,1,6,0,0,1,0,1,1,4,1,0,0,0,0,0,0,0,0,0,0,1,0,0,0,0,0,0,0,0,0,0,0,0,0.0,0.0,0.0,0,0,0,5.0,0.000119746138187,0.125,0.8382229673093042,0,20260429_211150,2026-04-29T21:14:13.171980,https://0a82004004390d32835d28db00f80038.h1-web-security-academy.net/post/?postId=3,https://0a82004004390d32835d28db00f80038.h1-web-security-academy.net/,False,https://0a82004004390d32835d28db00f80038.h1-web-security-academy.net/post/?postId=3,https://0a82004004390d32835d28db00f80038.h1-web-security-academy.net/,https://0a82004004390d32835d28db00f80038.h1-web-security-academy.net/post/?postId=3,recon_page,2026-04-29T21:14:13.175293,0,0,0,0,0,0,0,0,0,0,0,0,0,0,0,0,0,0,0,0,0,0,0,0,0,0,0,0,0,0,0,0,0,0,0,0,0,0,0,0,0,0
83,1,1,1,1,0,0,1,0,60,1,net,200,2,6840,1832.028,0,0,5,0,unknown,0,html,0,0,0,0,1,0,0,0,1,0,1,1,1,5,0,0,1,2,0,0,0,0,1,1,1,1,0,0,1,1,1,0,1,3,1,1,1,3,0,0,1,0,1,1,4,1,0,0,0,0,0,0,0,0,0,0,0,0,0,0,0,0,0,0,0,0,0,0,0,0.0,0.0,0.0,0,0,0,5.0,0.0001461988304093,0.125,1.023391812865497,0,20260429_211150,2026-04-29T21:14:14.188921,https://0a82004004390d32835d28db00f80038.h1-web-security-academy.net/post/?postId=5,https://0a82004004390d32835d28db00f80038.h1-web-security-academy.net/,False,https://0a82004004390d32835d28db00f80038.h1-web-security-academy.net/post/?postId=5,https://0a82004004390d32835d28db00f80038.h1-web-security-academy.net/,https://0a82004004390d32835d28db00f80038.h1-web-security-academy.net/post/?postId=5,recon_page,2026-04-29T21:14:14.191843,0,0,0,0,0,0,0,0,0,0,0,0,0,0,0,0,0,0,0,0,0,0,0,0,0,0,0,0,0,0,0,0,0,0,0,0,0,0,0,0,0,0
83,1,1,1,1,0,0,1,0,60,1,net,200,2,9007,3867.343,0,0,5,0,unknown,0,html,0,0,0,0,1,0,0,0,1,0,1,1,1,5,0,0,1,2,0,0,0,0,1,1,1,1,0,0,1,1,1,0,1,3,1,1,1,5,0,0,1,0,1,1,4,1,0,0,0,0,0,0,0,0,0,0,1,0,0,0,0,0,0,0,0,0,0,0,0,0.0,0.0,0.0,0,0,0,5.0,0.0001110247585211,0.125,0.7771733096480515,0,20260429_211150,2026-04-29T21:14:16.219093,https://0a82004004390d32835d28db00f80038.h1-web-security-academy.net/post/?postId=2,https://0a82004004390d32835d28db00f80038.h1-web-security-academy.net/,False,https://0a82004004390d32835d28db00f80038.h1-web-security-academy.net/post/?postId=2,https://0a82004004390d32835d28db00f80038.h1-web-security-academy.net/,https://0a82004004390d32835d28db00f80038.h1-web-security-academy.net/post/?postId=2,recon_page,2026-04-29T21:14:16.222192,0,0,0,0,0,0,0,0,0,0,0,0,0,0,0,0,0,0,0,0,0,0,0,0,0,0,0,0,0,0,0,0,0,0,0,0,0,0,0,0,0,0
69,1,0,0,0,0,0,1,0,0,0,0,0,0,0,0,0,0,0,0,0,0,0,0,0,0,0,0,0,0,0,0,0,0,0,0,0,0,0,0,0,0,0,0,0,0,0,0,0,0,0,0,0,0,0,0,0,0,0,0,0,0,0,0,0,0,0,0,0,0,0,0,0,0,0,0,0,0,0,0,0,0,0,0,0,0,0,0,0,0,0,0,0,0,0,0,0,0,0,0,0,0,0,20260429_211150,2026-04-29T21:44:39.012581,0,0,0,0,https://0a82004004390d32835d28db00f80038.h1-web-security-academy.net/,,vulnerability_summary,2026-04-29T21:44:39.012672,https://0a82004004390d32835d28db00f80038.h1-web-security-academy.net/,0a82004004390d32835d28db00f80038.h1-web-security-academy.net,1,0,1,0,0,0,1.0,1,1,0,1,0,1,0.0,1.0,0.0,0,,21,2,1,0,1,0,0,0,0,0,0,0,0,0,1.0,1.0,1.0,1.0,0,1,1.0,0
